year,team,url,teams,url_comp_logo,url_team,team_alpha3
1989,Argentina,https://en.wikipedia.org/wiki/1989_Copa_América,10,//upload.wikimedia.org/wikipedia/en/a/a8/1989_Copa_Am%C3%A9rica_logo.png,/wiki/Argentina_national_football_team,ARG
1989,Peru,https://en.wikipedia.org/wiki/1989_Copa_América,10,//upload.wikimedia.org/wikipedia/en/a/a8/1989_Copa_Am%C3%A9rica_logo.png,/wiki/Peru_national_football_team,PER
1989,Ecuador,https://en.wikipedia.org/wiki/1989_Copa_América,10,//upload.wikimedia.org/wikipedia/en/a/a8/1989_Copa_Am%C3%A9rica_logo.png,/wiki/Ecuador_national_football_team,ECU
1989,Uruguay,https://en.wikipedia.org/wiki/1989_Copa_América,10,//upload.wikimedia.org/wikipedia/en/a/a8/1989_Copa_Am%C3%A9rica_logo.png,/wiki/Uruguay_national_football_team,URY
1989,Paraguay,https://en.wikipedia.org/wiki/1989_Copa_América,10,//upload.wikimedia.org/wikipedia/en/a/a8/1989_Copa_Am%C3%A9rica_logo.png,/wiki/Paraguay_national_football_team,PRY
1989,Brazil,https://en.wikipedia.org/wiki/1989_Copa_América,10,//upload.wikimedia.org/wikipedia/en/a/a8/1989_Copa_Am%C3%A9rica_logo.png,/wiki/Brazil_national_football_team,BRA
1989,Chile,https://en.wikipedia.org/wiki/1989_Copa_América,10,//upload.wikimedia.org/wikipedia/en/a/a8/1989_Copa_Am%C3%A9rica_logo.png,/wiki/Chile_national_football_team,CHL
1989,Venezuela,https://en.wikipedia.org/wiki/1989_Copa_América,10,//upload.wikimedia.org/wikipedia/en/a/a8/1989_Copa_Am%C3%A9rica_logo.png,/wiki/Venezuela_national_football_team,VEN
1989,Colombia,https://en.wikipedia.org/wiki/1989_Copa_América,10,//upload.wikimedia.org/wikipedia/en/a/a8/1989_Copa_Am%C3%A9rica_logo.png,/wiki/Colombia_national_football_team,COL
1989,Bolivia,https://en.wikipedia.org/wiki/1989_Copa_América,10,//upload.wikimedia.org/wikipedia/en/a/a8/1989_Copa_Am%C3%A9rica_logo.png,/wiki/Bolivia_national_football_team,BOL
1991,Argentina,https://en.wikipedia.org/wiki/1991_Copa_América,10,//upload.wikimedia.org/wikipedia/en/thumb/c/c4/1991_Copa_Am%C3%A9rica_logo.png/220px-1991_Copa_Am%C3%A9rica_logo.png,/wiki/Argentina_national_football_team,ARG
1991,Peru,https://en.wikipedia.org/wiki/1991_Copa_América,10,//upload.wikimedia.org/wikipedia/en/thumb/c/c4/1991_Copa_Am%C3%A9rica_logo.png/220px-1991_Copa_Am%C3%A9rica_logo.png,/wiki/Peru_national_football_team,PER
1991,Ecuador,https://en.wikipedia.org/wiki/1991_Copa_América,10,//upload.wikimedia.org/wikipedia/en/thumb/c/c4/1991_Copa_Am%C3%A9rica_logo.png/220px-1991_Copa_Am%C3%A9rica_logo.png,/wiki/Ecuador_national_football_team,ECU
1991,Uruguay,https://en.wikipedia.org/wiki/1991_Copa_América,10,//upload.wikimedia.org/wikipedia/en/thumb/c/c4/1991_Copa_Am%C3%A9rica_logo.png/220px-1991_Copa_Am%C3%A9rica_logo.png,/wiki/Uruguay_national_football_team,URY
1991,Paraguay,https://en.wikipedia.org/wiki/1991_Copa_América,10,//upload.wikimedia.org/wikipedia/en/thumb/c/c4/1991_Copa_Am%C3%A9rica_logo.png/220px-1991_Copa_Am%C3%A9rica_logo.png,/wiki/Paraguay_national_football_team,PRY
1991,Brazil,https://en.wikipedia.org/wiki/1991_Copa_América,10,//upload.wikimedia.org/wikipedia/en/thumb/c/c4/1991_Copa_Am%C3%A9rica_logo.png/220px-1991_Copa_Am%C3%A9rica_logo.png,/wiki/Brazil_national_football_team,BRA
1991,Chile,https://en.wikipedia.org/wiki/1991_Copa_América,10,//upload.wikimedia.org/wikipedia/en/thumb/c/c4/1991_Copa_Am%C3%A9rica_logo.png/220px-1991_Copa_Am%C3%A9rica_logo.png,/wiki/Chile_national_football_team,CHL
1991,Venezuela,https://en.wikipedia.org/wiki/1991_Copa_América,10,//upload.wikimedia.org/wikipedia/en/thumb/c/c4/1991_Copa_Am%C3%A9rica_logo.png/220px-1991_Copa_Am%C3%A9rica_logo.png,/wiki/Venezuela_national_football_team,VEN
1991,Colombia,https://en.wikipedia.org/wiki/1991_Copa_América,10,//upload.wikimedia.org/wikipedia/en/thumb/c/c4/1991_Copa_Am%C3%A9rica_logo.png/220px-1991_Copa_Am%C3%A9rica_logo.png,/wiki/Colombia_national_football_team,COL
1991,Bolivia,https://en.wikipedia.org/wiki/1991_Copa_América,10,//upload.wikimedia.org/wikipedia/en/thumb/c/c4/1991_Copa_Am%C3%A9rica_logo.png/220px-1991_Copa_Am%C3%A9rica_logo.png,/wiki/Bolivia_national_football_team,BOL
1993,Argentina,https://en.wikipedia.org/wiki/1993_Copa_América,12,//upload.wikimedia.org/wikipedia/en/thumb/7/70/1993_Copa_Am%C3%A9rica_logo.jpg/180px-1993_Copa_Am%C3%A9rica_logo.jpg,/wiki/Argentina_national_football_team,ARG
1993,Peru,https://en.wikipedia.org/wiki/1993_Copa_América,12,//upload.wikimedia.org/wikipedia/en/thumb/7/70/1993_Copa_Am%C3%A9rica_logo.jpg/180px-1993_Copa_Am%C3%A9rica_logo.jpg,/wiki/Peru_national_football_team,PER
1993,Ecuador,https://en.wikipedia.org/wiki/1993_Copa_América,12,//upload.wikimedia.org/wikipedia/en/thumb/7/70/1993_Copa_Am%C3%A9rica_logo.jpg/180px-1993_Copa_Am%C3%A9rica_logo.jpg,/wiki/Ecuador_national_football_team,ECU
1993,Uruguay,https://en.wikipedia.org/wiki/1993_Copa_América,12,//upload.wikimedia.org/wikipedia/en/thumb/7/70/1993_Copa_Am%C3%A9rica_logo.jpg/180px-1993_Copa_Am%C3%A9rica_logo.jpg,/wiki/Uruguay_national_football_team,URY
1993,Paraguay,https://en.wikipedia.org/wiki/1993_Copa_América,12,//upload.wikimedia.org/wikipedia/en/thumb/7/70/1993_Copa_Am%C3%A9rica_logo.jpg/180px-1993_Copa_Am%C3%A9rica_logo.jpg,/wiki/Paraguay_national_football_team,PRY
1993,Brazil,https://en.wikipedia.org/wiki/1993_Copa_América,12,//upload.wikimedia.org/wikipedia/en/thumb/7/70/1993_Copa_Am%C3%A9rica_logo.jpg/180px-1993_Copa_Am%C3%A9rica_logo.jpg,/wiki/Brazil_national_football_team,BRA
1993,Chile,https://en.wikipedia.org/wiki/1993_Copa_América,12,//upload.wikimedia.org/wikipedia/en/thumb/7/70/1993_Copa_Am%C3%A9rica_logo.jpg/180px-1993_Copa_Am%C3%A9rica_logo.jpg,/wiki/Chile_national_football_team,CHL
1993,Venezuela,https://en.wikipedia.org/wiki/1993_Copa_América,12,//upload.wikimedia.org/wikipedia/en/thumb/7/70/1993_Copa_Am%C3%A9rica_logo.jpg/180px-1993_Copa_Am%C3%A9rica_logo.jpg,/wiki/Venezuela_national_football_team,VEN
1993,Colombia,https://en.wikipedia.org/wiki/1993_Copa_América,12,//upload.wikimedia.org/wikipedia/en/thumb/7/70/1993_Copa_Am%C3%A9rica_logo.jpg/180px-1993_Copa_Am%C3%A9rica_logo.jpg,/wiki/Colombia_national_football_team,COL
1993,Bolivia,https://en.wikipedia.org/wiki/1993_Copa_América,12,//upload.wikimedia.org/wikipedia/en/thumb/7/70/1993_Copa_Am%C3%A9rica_logo.jpg/180px-1993_Copa_Am%C3%A9rica_logo.jpg,/wiki/Bolivia_national_football_team,BOL
1993,United States,https://en.wikipedia.org/wiki/1993_Copa_América,12,//upload.wikimedia.org/wikipedia/en/thumb/7/70/1993_Copa_Am%C3%A9rica_logo.jpg/180px-1993_Copa_Am%C3%A9rica_logo.jpg,/wiki/United_States_men%27s_national_soccer_team,USA
1993,Mexico,https://en.wikipedia.org/wiki/1993_Copa_América,12,//upload.wikimedia.org/wikipedia/en/thumb/7/70/1993_Copa_Am%C3%A9rica_logo.jpg/180px-1993_Copa_Am%C3%A9rica_logo.jpg,/wiki/Mexico_national_football_team,MEX
1999,Argentina,https://en.wikipedia.org/wiki/1999_Copa_América,12,//upload.wikimedia.org/wikipedia/en/thumb/a/a4/1999_Copa_Am%C3%A9rica_logo.svg/200px-1999_Copa_Am%C3%A9rica_logo.svg.png,/wiki/Argentina_national_football_team,ARG
1999,Peru,https://en.wikipedia.org/wiki/1999_Copa_América,12,//upload.wikimedia.org/wikipedia/en/thumb/a/a4/1999_Copa_Am%C3%A9rica_logo.svg/200px-1999_Copa_Am%C3%A9rica_logo.svg.png,/wiki/Peru_national_football_team,PER
1999,Ecuador,https://en.wikipedia.org/wiki/1999_Copa_América,12,//upload.wikimedia.org/wikipedia/en/thumb/a/a4/1999_Copa_Am%C3%A9rica_logo.svg/200px-1999_Copa_Am%C3%A9rica_logo.svg.png,/wiki/Ecuador_national_football_team,ECU
1999,Uruguay,https://en.wikipedia.org/wiki/1999_Copa_América,12,//upload.wikimedia.org/wikipedia/en/thumb/a/a4/1999_Copa_Am%C3%A9rica_logo.svg/200px-1999_Copa_Am%C3%A9rica_logo.svg.png,/wiki/Uruguay_national_football_team,URY
1999,Paraguay,https://en.wikipedia.org/wiki/1999_Copa_América,12,//upload.wikimedia.org/wikipedia/en/thumb/a/a4/1999_Copa_Am%C3%A9rica_logo.svg/200px-1999_Copa_Am%C3%A9rica_logo.svg.png,/wiki/Paraguay_national_football_team,PRY
1999,Brazil,https://en.wikipedia.org/wiki/1999_Copa_América,12,//upload.wikimedia.org/wikipedia/en/thumb/a/a4/1999_Copa_Am%C3%A9rica_logo.svg/200px-1999_Copa_Am%C3%A9rica_logo.svg.png,/wiki/Brazil_national_football_team,BRA
1999,Chile,https://en.wikipedia.org/wiki/1999_Copa_América,12,//upload.wikimedia.org/wikipedia/en/thumb/a/a4/1999_Copa_Am%C3%A9rica_logo.svg/200px-1999_Copa_Am%C3%A9rica_logo.svg.png,/wiki/Chile_national_football_team,CHL
1999,Venezuela,https://en.wikipedia.org/wiki/1999_Copa_América,12,//upload.wikimedia.org/wikipedia/en/thumb/a/a4/1999_Copa_Am%C3%A9rica_logo.svg/200px-1999_Copa_Am%C3%A9rica_logo.svg.png,/wiki/Venezuela_national_football_team,VEN
1999,Colombia,https://en.wikipedia.org/wiki/1999_Copa_América,12,//upload.wikimedia.org/wikipedia/en/thumb/a/a4/1999_Copa_Am%C3%A9rica_logo.svg/200px-1999_Copa_Am%C3%A9rica_logo.svg.png,/wiki/Colombia_national_football_team,COL
1999,Bolivia,https://en.wikipedia.org/wiki/1999_Copa_América,12,//upload.wikimedia.org/wikipedia/en/thumb/a/a4/1999_Copa_Am%C3%A9rica_logo.svg/200px-1999_Copa_Am%C3%A9rica_logo.svg.png,/wiki/Bolivia_national_football_team,BOL
1999,Japan,https://en.wikipedia.org/wiki/1999_Copa_América,12,//upload.wikimedia.org/wikipedia/en/thumb/a/a4/1999_Copa_Am%C3%A9rica_logo.svg/200px-1999_Copa_Am%C3%A9rica_logo.svg.png,/wiki/Japan_national_football_team,JPN
1999,Mexico,https://en.wikipedia.org/wiki/1999_Copa_América,12,//upload.wikimedia.org/wikipedia/en/thumb/a/a4/1999_Copa_Am%C3%A9rica_logo.svg/200px-1999_Copa_Am%C3%A9rica_logo.svg.png,/wiki/Mexico_national_football_team,MEX
2001,Honduras,https://en.wikipedia.org/wiki/2001_Copa_América,12,//upload.wikimedia.org/wikipedia/en/thumb/f/f3/Copa_Am%C3%A9rica_2001_official_logo.png/200px-Copa_Am%C3%A9rica_2001_official_logo.png,/wiki/Honduras_national_football_team,HND
2001,Peru,https://en.wikipedia.org/wiki/2001_Copa_América,12,//upload.wikimedia.org/wikipedia/en/thumb/f/f3/Copa_Am%C3%A9rica_2001_official_logo.png/200px-Copa_Am%C3%A9rica_2001_official_logo.png,/wiki/Peru_national_football_team,PER
2001,Ecuador,https://en.wikipedia.org/wiki/2001_Copa_América,12,//upload.wikimedia.org/wikipedia/en/thumb/f/f3/Copa_Am%C3%A9rica_2001_official_logo.png/200px-Copa_Am%C3%A9rica_2001_official_logo.png,/wiki/Ecuador_national_football_team,ECU
2001,Uruguay,https://en.wikipedia.org/wiki/2001_Copa_América,12,//upload.wikimedia.org/wikipedia/en/thumb/f/f3/Copa_Am%C3%A9rica_2001_official_logo.png/200px-Copa_Am%C3%A9rica_2001_official_logo.png,/wiki/Uruguay_national_football_team,URY
2001,Paraguay,https://en.wikipedia.org/wiki/2001_Copa_América,12,//upload.wikimedia.org/wikipedia/en/thumb/f/f3/Copa_Am%C3%A9rica_2001_official_logo.png/200px-Copa_Am%C3%A9rica_2001_official_logo.png,/wiki/Paraguay_national_football_team,PRY
2001,Brazil,https://en.wikipedia.org/wiki/2001_Copa_América,12,//upload.wikimedia.org/wikipedia/en/thumb/f/f3/Copa_Am%C3%A9rica_2001_official_logo.png/200px-Copa_Am%C3%A9rica_2001_official_logo.png,/wiki/Brazil_national_football_team,BRA
2001,Chile,https://en.wikipedia.org/wiki/2001_Copa_América,12,//upload.wikimedia.org/wikipedia/en/thumb/f/f3/Copa_Am%C3%A9rica_2001_official_logo.png/200px-Copa_Am%C3%A9rica_2001_official_logo.png,/wiki/Chile_national_football_team,CHL
2001,Venezuela,https://en.wikipedia.org/wiki/2001_Copa_América,12,//upload.wikimedia.org/wikipedia/en/thumb/f/f3/Copa_Am%C3%A9rica_2001_official_logo.png/200px-Copa_Am%C3%A9rica_2001_official_logo.png,/wiki/Venezuela_national_football_team,VEN
2001,Colombia,https://en.wikipedia.org/wiki/2001_Copa_América,12,//upload.wikimedia.org/wikipedia/en/thumb/f/f3/Copa_Am%C3%A9rica_2001_official_logo.png/200px-Copa_Am%C3%A9rica_2001_official_logo.png,/wiki/Colombia_national_football_team,COL
2001,Bolivia,https://en.wikipedia.org/wiki/2001_Copa_América,12,//upload.wikimedia.org/wikipedia/en/thumb/f/f3/Copa_Am%C3%A9rica_2001_official_logo.png/200px-Copa_Am%C3%A9rica_2001_official_logo.png,/wiki/Bolivia_national_football_team,BOL
2001,Costa Rica,https://en.wikipedia.org/wiki/2001_Copa_América,12,//upload.wikimedia.org/wikipedia/en/thumb/f/f3/Copa_Am%C3%A9rica_2001_official_logo.png/200px-Copa_Am%C3%A9rica_2001_official_logo.png,/wiki/Costa_Rica_national_football_team,CRI
2001,Mexico,https://en.wikipedia.org/wiki/2001_Copa_América,12,//upload.wikimedia.org/wikipedia/en/thumb/f/f3/Copa_Am%C3%A9rica_2001_official_logo.png/200px-Copa_Am%C3%A9rica_2001_official_logo.png,/wiki/Mexico_national_football_team,MEX
2004,Argentina,https://en.wikipedia.org/wiki/2004_Copa_América,12,//upload.wikimedia.org/wikipedia/en/thumb/6/63/2004_Copa_Am%C3%A9rica_logo.svg/250px-2004_Copa_Am%C3%A9rica_logo.svg.png,/wiki/Argentina_national_football_team,ARG
2004,Peru,https://en.wikipedia.org/wiki/2004_Copa_América,12,//upload.wikimedia.org/wikipedia/en/thumb/6/63/2004_Copa_Am%C3%A9rica_logo.svg/250px-2004_Copa_Am%C3%A9rica_logo.svg.png,/wiki/Peru_national_football_team,PER
2004,Ecuador,https://en.wikipedia.org/wiki/2004_Copa_América,12,//upload.wikimedia.org/wikipedia/en/thumb/6/63/2004_Copa_Am%C3%A9rica_logo.svg/250px-2004_Copa_Am%C3%A9rica_logo.svg.png,/wiki/Ecuador_national_football_team,ECU
2004,Uruguay,https://en.wikipedia.org/wiki/2004_Copa_América,12,//upload.wikimedia.org/wikipedia/en/thumb/6/63/2004_Copa_Am%C3%A9rica_logo.svg/250px-2004_Copa_Am%C3%A9rica_logo.svg.png,/wiki/Uruguay_national_football_team,URY
2004,Paraguay,https://en.wikipedia.org/wiki/2004_Copa_América,12,//upload.wikimedia.org/wikipedia/en/thumb/6/63/2004_Copa_Am%C3%A9rica_logo.svg/250px-2004_Copa_Am%C3%A9rica_logo.svg.png,/wiki/Paraguay_national_football_team,PRY
2004,Brazil,https://en.wikipedia.org/wiki/2004_Copa_América,12,//upload.wikimedia.org/wikipedia/en/thumb/6/63/2004_Copa_Am%C3%A9rica_logo.svg/250px-2004_Copa_Am%C3%A9rica_logo.svg.png,/wiki/Brazil_national_football_team,BRA
2004,Chile,https://en.wikipedia.org/wiki/2004_Copa_América,12,//upload.wikimedia.org/wikipedia/en/thumb/6/63/2004_Copa_Am%C3%A9rica_logo.svg/250px-2004_Copa_Am%C3%A9rica_logo.svg.png,/wiki/Chile_national_football_team,CHL
2004,Venezuela,https://en.wikipedia.org/wiki/2004_Copa_América,12,//upload.wikimedia.org/wikipedia/en/thumb/6/63/2004_Copa_Am%C3%A9rica_logo.svg/250px-2004_Copa_Am%C3%A9rica_logo.svg.png,/wiki/Venezuela_national_football_team,VEN
2004,Colombia,https://en.wikipedia.org/wiki/2004_Copa_América,12,//upload.wikimedia.org/wikipedia/en/thumb/6/63/2004_Copa_Am%C3%A9rica_logo.svg/250px-2004_Copa_Am%C3%A9rica_logo.svg.png,/wiki/Colombia_national_football_team,COL
2004,Bolivia,https://en.wikipedia.org/wiki/2004_Copa_América,12,//upload.wikimedia.org/wikipedia/en/thumb/6/63/2004_Copa_Am%C3%A9rica_logo.svg/250px-2004_Copa_Am%C3%A9rica_logo.svg.png,/wiki/Bolivia_national_football_team,BOL
2004,Costa Rica,https://en.wikipedia.org/wiki/2004_Copa_América,12,//upload.wikimedia.org/wikipedia/en/thumb/6/63/2004_Copa_Am%C3%A9rica_logo.svg/250px-2004_Copa_Am%C3%A9rica_logo.svg.png,/wiki/Costa_Rica_national_football_team,CRI
2004,Mexico,https://en.wikipedia.org/wiki/2004_Copa_América,12,//upload.wikimedia.org/wikipedia/en/thumb/6/63/2004_Copa_Am%C3%A9rica_logo.svg/250px-2004_Copa_Am%C3%A9rica_logo.svg.png,/wiki/Mexico_national_football_team,MEX
2007,Argentina,https://en.wikipedia.org/wiki/2007_Copa_América,12,//upload.wikimedia.org/wikipedia/en/thumb/3/36/2007_Copa_Am%C3%A9rica_logo.svg/200px-2007_Copa_Am%C3%A9rica_logo.svg.png,/wiki/Argentina_national_football_team,ARG
2007,Peru,https://en.wikipedia.org/wiki/2007_Copa_América,12,//upload.wikimedia.org/wikipedia/en/thumb/3/36/2007_Copa_Am%C3%A9rica_logo.svg/200px-2007_Copa_Am%C3%A9rica_logo.svg.png,/wiki/Peru_national_football_team,PER
2007,Ecuador,https://en.wikipedia.org/wiki/2007_Copa_América,12,//upload.wikimedia.org/wikipedia/en/thumb/3/36/2007_Copa_Am%C3%A9rica_logo.svg/200px-2007_Copa_Am%C3%A9rica_logo.svg.png,/wiki/Ecuador_national_football_team,ECU
2007,Uruguay,https://en.wikipedia.org/wiki/2007_Copa_América,12,//upload.wikimedia.org/wikipedia/en/thumb/3/36/2007_Copa_Am%C3%A9rica_logo.svg/200px-2007_Copa_Am%C3%A9rica_logo.svg.png,/wiki/Uruguay_national_football_team,URY
2007,Paraguay,https://en.wikipedia.org/wiki/2007_Copa_América,12,//upload.wikimedia.org/wikipedia/en/thumb/3/36/2007_Copa_Am%C3%A9rica_logo.svg/200px-2007_Copa_Am%C3%A9rica_logo.svg.png,/wiki/Paraguay_national_football_team,PRY
2007,Brazil,https://en.wikipedia.org/wiki/2007_Copa_América,12,//upload.wikimedia.org/wikipedia/en/thumb/3/36/2007_Copa_Am%C3%A9rica_logo.svg/200px-2007_Copa_Am%C3%A9rica_logo.svg.png,/wiki/Brazil_national_football_team,BRA
2007,Chile,https://en.wikipedia.org/wiki/2007_Copa_América,12,//upload.wikimedia.org/wikipedia/en/thumb/3/36/2007_Copa_Am%C3%A9rica_logo.svg/200px-2007_Copa_Am%C3%A9rica_logo.svg.png,/wiki/Chile_national_football_team,CHL
2007,Venezuela,https://en.wikipedia.org/wiki/2007_Copa_América,12,//upload.wikimedia.org/wikipedia/en/thumb/3/36/2007_Copa_Am%C3%A9rica_logo.svg/200px-2007_Copa_Am%C3%A9rica_logo.svg.png,/wiki/Venezuela_national_football_team,VEN
2007,Colombia,https://en.wikipedia.org/wiki/2007_Copa_América,12,//upload.wikimedia.org/wikipedia/en/thumb/3/36/2007_Copa_Am%C3%A9rica_logo.svg/200px-2007_Copa_Am%C3%A9rica_logo.svg.png,/wiki/Colombia_national_football_team,COL
2007,Bolivia,https://en.wikipedia.org/wiki/2007_Copa_América,12,//upload.wikimedia.org/wikipedia/en/thumb/3/36/2007_Copa_Am%C3%A9rica_logo.svg/200px-2007_Copa_Am%C3%A9rica_logo.svg.png,/wiki/Bolivia_national_football_team,BOL
2007,United States,https://en.wikipedia.org/wiki/2007_Copa_América,12,//upload.wikimedia.org/wikipedia/en/thumb/3/36/2007_Copa_Am%C3%A9rica_logo.svg/200px-2007_Copa_Am%C3%A9rica_logo.svg.png,/wiki/United_States_men%27s_national_soccer_team,USA
2007,Mexico,https://en.wikipedia.org/wiki/2007_Copa_América,12,//upload.wikimedia.org/wikipedia/en/thumb/3/36/2007_Copa_Am%C3%A9rica_logo.svg/200px-2007_Copa_Am%C3%A9rica_logo.svg.png,/wiki/Mexico_national_football_team,MEX
2011,Argentina,https://en.wikipedia.org/wiki/2011_Copa_América,12,//upload.wikimedia.org/wikipedia/en/thumb/7/72/2011_Copa_Am%C3%A9rica_logo.svg/200px-2011_Copa_Am%C3%A9rica_logo.svg.png,/wiki/Argentina_national_football_team,ARG
2011,Peru,https://en.wikipedia.org/wiki/2011_Copa_América,12,//upload.wikimedia.org/wikipedia/en/thumb/7/72/2011_Copa_Am%C3%A9rica_logo.svg/200px-2011_Copa_Am%C3%A9rica_logo.svg.png,/wiki/Peru_national_football_team,PER
2011,Ecuador,https://en.wikipedia.org/wiki/2011_Copa_América,12,//upload.wikimedia.org/wikipedia/en/thumb/7/72/2011_Copa_Am%C3%A9rica_logo.svg/200px-2011_Copa_Am%C3%A9rica_logo.svg.png,/wiki/Ecuador_national_football_team,ECU
2011,Uruguay,https://en.wikipedia.org/wiki/2011_Copa_América,12,//upload.wikimedia.org/wikipedia/en/thumb/7/72/2011_Copa_Am%C3%A9rica_logo.svg/200px-2011_Copa_Am%C3%A9rica_logo.svg.png,/wiki/Uruguay_national_football_team,URY
2011,Paraguay,https://en.wikipedia.org/wiki/2011_Copa_América,12,//upload.wikimedia.org/wikipedia/en/thumb/7/72/2011_Copa_Am%C3%A9rica_logo.svg/200px-2011_Copa_Am%C3%A9rica_logo.svg.png,/wiki/Paraguay_national_football_team,PRY
2011,Brazil,https://en.wikipedia.org/wiki/2011_Copa_América,12,//upload.wikimedia.org/wikipedia/en/thumb/7/72/2011_Copa_Am%C3%A9rica_logo.svg/200px-2011_Copa_Am%C3%A9rica_logo.svg.png,/wiki/Brazil_national_football_team,BRA
2011,Chile,https://en.wikipedia.org/wiki/2011_Copa_América,12,//upload.wikimedia.org/wikipedia/en/thumb/7/72/2011_Copa_Am%C3%A9rica_logo.svg/200px-2011_Copa_Am%C3%A9rica_logo.svg.png,/wiki/Chile_national_football_team,CHL
2011,Venezuela,https://en.wikipedia.org/wiki/2011_Copa_América,12,//upload.wikimedia.org/wikipedia/en/thumb/7/72/2011_Copa_Am%C3%A9rica_logo.svg/200px-2011_Copa_Am%C3%A9rica_logo.svg.png,/wiki/Venezuela_national_football_team,VEN
2011,Colombia,https://en.wikipedia.org/wiki/2011_Copa_América,12,//upload.wikimedia.org/wikipedia/en/thumb/7/72/2011_Copa_Am%C3%A9rica_logo.svg/200px-2011_Copa_Am%C3%A9rica_logo.svg.png,/wiki/Colombia_national_football_team,COL
2011,Bolivia,https://en.wikipedia.org/wiki/2011_Copa_América,12,//upload.wikimedia.org/wikipedia/en/thumb/7/72/2011_Copa_Am%C3%A9rica_logo.svg/200px-2011_Copa_Am%C3%A9rica_logo.svg.png,/wiki/Bolivia_national_football_team,BOL
2011,Costa Rica,https://en.wikipedia.org/wiki/2011_Copa_América,12,//upload.wikimedia.org/wikipedia/en/thumb/7/72/2011_Copa_Am%C3%A9rica_logo.svg/200px-2011_Copa_Am%C3%A9rica_logo.svg.png,/wiki/Costa_Rica_national_football_team,CRI
2011,Mexico,https://en.wikipedia.org/wiki/2011_Copa_América,12,//upload.wikimedia.org/wikipedia/en/thumb/7/72/2011_Copa_Am%C3%A9rica_logo.svg/200px-2011_Copa_Am%C3%A9rica_logo.svg.png,/wiki/Mexico_national_football_team,MEX
2015,Argentina,https://en.wikipedia.org/wiki/2015_Copa_América,12,//upload.wikimedia.org/wikipedia/en/thumb/d/de/2015_Copa_Am%C3%A9rica.svg/220px-2015_Copa_Am%C3%A9rica.svg.png,/wiki/Argentina_national_football_team,ARG
2015,Peru,https://en.wikipedia.org/wiki/2015_Copa_América,12,//upload.wikimedia.org/wikipedia/en/thumb/d/de/2015_Copa_Am%C3%A9rica.svg/220px-2015_Copa_Am%C3%A9rica.svg.png,/wiki/Peru_national_football_team,PER
2015,Ecuador,https://en.wikipedia.org/wiki/2015_Copa_América,12,//upload.wikimedia.org/wikipedia/en/thumb/d/de/2015_Copa_Am%C3%A9rica.svg/220px-2015_Copa_Am%C3%A9rica.svg.png,/wiki/Ecuador_national_football_team,ECU
2015,Uruguay,https://en.wikipedia.org/wiki/2015_Copa_América,12,//upload.wikimedia.org/wikipedia/en/thumb/d/de/2015_Copa_Am%C3%A9rica.svg/220px-2015_Copa_Am%C3%A9rica.svg.png,/wiki/Uruguay_national_football_team,URY
2015,Paraguay,https://en.wikipedia.org/wiki/2015_Copa_América,12,//upload.wikimedia.org/wikipedia/en/thumb/d/de/2015_Copa_Am%C3%A9rica.svg/220px-2015_Copa_Am%C3%A9rica.svg.png,/wiki/Paraguay_national_football_team,PRY
2015,Brazil,https://en.wikipedia.org/wiki/2015_Copa_América,12,//upload.wikimedia.org/wikipedia/en/thumb/d/de/2015_Copa_Am%C3%A9rica.svg/220px-2015_Copa_Am%C3%A9rica.svg.png,/wiki/Brazil_national_football_team,BRA
2015,Chile,https://en.wikipedia.org/wiki/2015_Copa_América,12,//upload.wikimedia.org/wikipedia/en/thumb/d/de/2015_Copa_Am%C3%A9rica.svg/220px-2015_Copa_Am%C3%A9rica.svg.png,/wiki/Chile_national_football_team,CHL
2015,Venezuela,https://en.wikipedia.org/wiki/2015_Copa_América,12,//upload.wikimedia.org/wikipedia/en/thumb/d/de/2015_Copa_Am%C3%A9rica.svg/220px-2015_Copa_Am%C3%A9rica.svg.png,/wiki/Venezuela_national_football_team,VEN
2015,Colombia,https://en.wikipedia.org/wiki/2015_Copa_América,12,//upload.wikimedia.org/wikipedia/en/thumb/d/de/2015_Copa_Am%C3%A9rica.svg/220px-2015_Copa_Am%C3%A9rica.svg.png,/wiki/Colombia_national_football_team,COL
2015,Bolivia,https://en.wikipedia.org/wiki/2015_Copa_América,12,//upload.wikimedia.org/wikipedia/en/thumb/d/de/2015_Copa_Am%C3%A9rica.svg/220px-2015_Copa_Am%C3%A9rica.svg.png,/wiki/Bolivia_national_football_team,BOL
2015,Jamaica,https://en.wikipedia.org/wiki/2015_Copa_América,12,//upload.wikimedia.org/wikipedia/en/thumb/d/de/2015_Copa_Am%C3%A9rica.svg/220px-2015_Copa_Am%C3%A9rica.svg.png,/wiki/Jamaica_national_football_team,JAM
2015,Mexico,https://en.wikipedia.org/wiki/2015_Copa_América,12,//upload.wikimedia.org/wikipedia/en/thumb/d/de/2015_Copa_Am%C3%A9rica.svg/220px-2015_Copa_Am%C3%A9rica.svg.png,/wiki/Mexico_national_football_team,MEX
2016,Argentina,https://en.wikipedia.org/wiki/Copa_América_Centenario,16,//upload.wikimedia.org/wikipedia/en/thumb/e/e2/Copa_Am%C3%A9rica_Centenario.svg/220px-Copa_Am%C3%A9rica_Centenario.svg.png,/wiki/Argentina_national_football_team,ARG
2016,Peru,https://en.wikipedia.org/wiki/Copa_América_Centenario,16,//upload.wikimedia.org/wikipedia/en/thumb/e/e2/Copa_Am%C3%A9rica_Centenario.svg/220px-Copa_Am%C3%A9rica_Centenario.svg.png,/wiki/Peru_national_football_team,PER
2016,Ecuador,https://en.wikipedia.org/wiki/Copa_América_Centenario,16,//upload.wikimedia.org/wikipedia/en/thumb/e/e2/Copa_Am%C3%A9rica_Centenario.svg/220px-Copa_Am%C3%A9rica_Centenario.svg.png,/wiki/Ecuador_national_football_team,ECU
2016,Uruguay,https://en.wikipedia.org/wiki/Copa_América_Centenario,16,//upload.wikimedia.org/wikipedia/en/thumb/e/e2/Copa_Am%C3%A9rica_Centenario.svg/220px-Copa_Am%C3%A9rica_Centenario.svg.png,/wiki/Uruguay_national_football_team,URY
2016,Paraguay,https://en.wikipedia.org/wiki/Copa_América_Centenario,16,//upload.wikimedia.org/wikipedia/en/thumb/e/e2/Copa_Am%C3%A9rica_Centenario.svg/220px-Copa_Am%C3%A9rica_Centenario.svg.png,/wiki/Paraguay_national_football_team,PRY
2016,Brazil,https://en.wikipedia.org/wiki/Copa_América_Centenario,16,//upload.wikimedia.org/wikipedia/en/thumb/e/e2/Copa_Am%C3%A9rica_Centenario.svg/220px-Copa_Am%C3%A9rica_Centenario.svg.png,/wiki/Brazil_national_football_team,BRA
2016,Chile,https://en.wikipedia.org/wiki/Copa_América_Centenario,16,//upload.wikimedia.org/wikipedia/en/thumb/e/e2/Copa_Am%C3%A9rica_Centenario.svg/220px-Copa_Am%C3%A9rica_Centenario.svg.png,/wiki/Chile_national_football_team,CHL
2016,Venezuela,https://en.wikipedia.org/wiki/Copa_América_Centenario,16,//upload.wikimedia.org/wikipedia/en/thumb/e/e2/Copa_Am%C3%A9rica_Centenario.svg/220px-Copa_Am%C3%A9rica_Centenario.svg.png,/wiki/Venezuela_national_football_team,VEN
2016,Colombia,https://en.wikipedia.org/wiki/Copa_América_Centenario,16,//upload.wikimedia.org/wikipedia/en/thumb/e/e2/Copa_Am%C3%A9rica_Centenario.svg/220px-Copa_Am%C3%A9rica_Centenario.svg.png,/wiki/Colombia_national_football_team,COL
2016,Bolivia,https://en.wikipedia.org/wiki/Copa_América_Centenario,16,//upload.wikimedia.org/wikipedia/en/thumb/e/e2/Copa_Am%C3%A9rica_Centenario.svg/220px-Copa_Am%C3%A9rica_Centenario.svg.png,/wiki/Bolivia_national_football_team,BOL
2016,United States,https://en.wikipedia.org/wiki/Copa_América_Centenario,16,//upload.wikimedia.org/wikipedia/en/thumb/e/e2/Copa_Am%C3%A9rica_Centenario.svg/220px-Copa_Am%C3%A9rica_Centenario.svg.png,/wiki/United_States_men%27s_national_soccer_team,USA
2016,Jamaica,https://en.wikipedia.org/wiki/Copa_América_Centenario,16,//upload.wikimedia.org/wikipedia/en/thumb/e/e2/Copa_Am%C3%A9rica_Centenario.svg/220px-Copa_Am%C3%A9rica_Centenario.svg.png,/wiki/Jamaica_national_football_team,JAM
2016,Mexico,https://en.wikipedia.org/wiki/Copa_América_Centenario,16,//upload.wikimedia.org/wikipedia/en/thumb/e/e2/Copa_Am%C3%A9rica_Centenario.svg/220px-Copa_Am%C3%A9rica_Centenario.svg.png,/wiki/Mexico_national_football_team,MEX
2016,Costa Rica,https://en.wikipedia.org/wiki/Copa_América_Centenario,16,//upload.wikimedia.org/wikipedia/en/thumb/e/e2/Copa_Am%C3%A9rica_Centenario.svg/220px-Copa_Am%C3%A9rica_Centenario.svg.png,/wiki/Costa_Rica_national_football_team,CRI
2016,Haiti,https://en.wikipedia.org/wiki/Copa_América_Centenario,16,//upload.wikimedia.org/wikipedia/en/thumb/e/e2/Copa_Am%C3%A9rica_Centenario.svg/220px-Copa_Am%C3%A9rica_Centenario.svg.png,/wiki/Haiti_national_football_team,HTI
2016,Panama,https://en.wikipedia.org/wiki/Copa_América_Centenario,16,//upload.wikimedia.org/wikipedia/en/thumb/e/e2/Copa_Am%C3%A9rica_Centenario.svg/220px-Copa_Am%C3%A9rica_Centenario.svg.png,/wiki/Panama_national_football_team,PAN
2019,Argentina,https://en.wikipedia.org/wiki/2019_Copa_América,12,//upload.wikimedia.org/wikipedia/en/thumb/e/e7/2019_Copa_Am%C3%A9rica_logo.svg/220px-2019_Copa_Am%C3%A9rica_logo.svg.png,/wiki/Argentina_national_football_team,ARG
2019,Peru,https://en.wikipedia.org/wiki/2019_Copa_América,12,//upload.wikimedia.org/wikipedia/en/thumb/e/e7/2019_Copa_Am%C3%A9rica_logo.svg/220px-2019_Copa_Am%C3%A9rica_logo.svg.png,/wiki/Peru_national_football_team,PER
2019,Ecuador,https://en.wikipedia.org/wiki/2019_Copa_América,12,//upload.wikimedia.org/wikipedia/en/thumb/e/e7/2019_Copa_Am%C3%A9rica_logo.svg/220px-2019_Copa_Am%C3%A9rica_logo.svg.png,/wiki/Ecuador_national_football_team,ECU
2019,Uruguay,https://en.wikipedia.org/wiki/2019_Copa_América,12,//upload.wikimedia.org/wikipedia/en/thumb/e/e7/2019_Copa_Am%C3%A9rica_logo.svg/220px-2019_Copa_Am%C3%A9rica_logo.svg.png,/wiki/Uruguay_national_football_team,URY
2019,Paraguay,https://en.wikipedia.org/wiki/2019_Copa_América,12,//upload.wikimedia.org/wikipedia/en/thumb/e/e7/2019_Copa_Am%C3%A9rica_logo.svg/220px-2019_Copa_Am%C3%A9rica_logo.svg.png,/wiki/Paraguay_national_football_team,PRY
2019,Brazil,https://en.wikipedia.org/wiki/2019_Copa_América,12,//upload.wikimedia.org/wikipedia/en/thumb/e/e7/2019_Copa_Am%C3%A9rica_logo.svg/220px-2019_Copa_Am%C3%A9rica_logo.svg.png,/wiki/Brazil_national_football_team,BRA
2019,Chile,https://en.wikipedia.org/wiki/2019_Copa_América,12,//upload.wikimedia.org/wikipedia/en/thumb/e/e7/2019_Copa_Am%C3%A9rica_logo.svg/220px-2019_Copa_Am%C3%A9rica_logo.svg.png,/wiki/Chile_national_football_team,CHL
2019,Venezuela,https://en.wikipedia.org/wiki/2019_Copa_América,12,//upload.wikimedia.org/wikipedia/en/thumb/e/e7/2019_Copa_Am%C3%A9rica_logo.svg/220px-2019_Copa_Am%C3%A9rica_logo.svg.png,/wiki/Venezuela_national_football_team,VEN
2019,Colombia,https://en.wikipedia.org/wiki/2019_Copa_América,12,//upload.wikimedia.org/wikipedia/en/thumb/e/e7/2019_Copa_Am%C3%A9rica_logo.svg/220px-2019_Copa_Am%C3%A9rica_logo.svg.png,/wiki/Colombia_national_football_team,COL
2019,Bolivia,https://en.wikipedia.org/wiki/2019_Copa_América,12,//upload.wikimedia.org/wikipedia/en/thumb/e/e7/2019_Copa_Am%C3%A9rica_logo.svg/220px-2019_Copa_Am%C3%A9rica_logo.svg.png,/wiki/Bolivia_national_football_team,BOL
2019,Japan,https://en.wikipedia.org/wiki/2019_Copa_América,12,//upload.wikimedia.org/wikipedia/en/thumb/e/e7/2019_Copa_Am%C3%A9rica_logo.svg/220px-2019_Copa_Am%C3%A9rica_logo.svg.png,/wiki/Japan_national_football_team,JPN
2019,Qatar,https://en.wikipedia.org/wiki/2019_Copa_América,12,//upload.wikimedia.org/wikipedia/en/thumb/e/e7/2019_Copa_Am%C3%A9rica_logo.svg/220px-2019_Copa_Am%C3%A9rica_logo.svg.png,/wiki/Qatar_national_football_team,QAT
2021,Argentina,https://en.wikipedia.org/wiki/2021_Copa_América,10,//upload.wikimedia.org/wikipedia/en/thumb/e/ee/2021_Copa_Am%C3%A9rica_logo.svg/220px-2021_Copa_Am%C3%A9rica_logo.svg.png,/wiki/Argentina_national_football_team,ARG
2021,Peru,https://en.wikipedia.org/wiki/2021_Copa_América,10,//upload.wikimedia.org/wikipedia/en/thumb/e/ee/2021_Copa_Am%C3%A9rica_logo.svg/220px-2021_Copa_Am%C3%A9rica_logo.svg.png,/wiki/Peru_national_football_team,PER
2021,Ecuador,https://en.wikipedia.org/wiki/2021_Copa_América,10,//upload.wikimedia.org/wikipedia/en/thumb/e/ee/2021_Copa_Am%C3%A9rica_logo.svg/220px-2021_Copa_Am%C3%A9rica_logo.svg.png,/wiki/Ecuador_national_football_team,ECU
2021,Uruguay,https://en.wikipedia.org/wiki/2021_Copa_América,10,//upload.wikimedia.org/wikipedia/en/thumb/e/ee/2021_Copa_Am%C3%A9rica_logo.svg/220px-2021_Copa_Am%C3%A9rica_logo.svg.png,/wiki/Uruguay_national_football_team,URY
2021,Paraguay,https://en.wikipedia.org/wiki/2021_Copa_América,10,//upload.wikimedia.org/wikipedia/en/thumb/e/ee/2021_Copa_Am%C3%A9rica_logo.svg/220px-2021_Copa_Am%C3%A9rica_logo.svg.png,/wiki/Paraguay_national_football_team,PRY
2021,Brazil,https://en.wikipedia.org/wiki/2021_Copa_América,10,//upload.wikimedia.org/wikipedia/en/thumb/e/ee/2021_Copa_Am%C3%A9rica_logo.svg/220px-2021_Copa_Am%C3%A9rica_logo.svg.png,/wiki/Brazil_national_football_team,BRA
2021,Chile,https://en.wikipedia.org/wiki/2021_Copa_América,10,//upload.wikimedia.org/wikipedia/en/thumb/e/ee/2021_Copa_Am%C3%A9rica_logo.svg/220px-2021_Copa_Am%C3%A9rica_logo.svg.png,/wiki/Chile_national_football_team,CHL
2021,Venezuela,https://en.wikipedia.org/wiki/2021_Copa_América,10,//upload.wikimedia.org/wikipedia/en/thumb/e/ee/2021_Copa_Am%C3%A9rica_logo.svg/220px-2021_Copa_Am%C3%A9rica_logo.svg.png,/wiki/Venezuela_national_football_team,VEN
2021,Colombia,https://en.wikipedia.org/wiki/2021_Copa_América,10,//upload.wikimedia.org/wikipedia/en/thumb/e/ee/2021_Copa_Am%C3%A9rica_logo.svg/220px-2021_Copa_Am%C3%A9rica_logo.svg.png,/wiki/Colombia_national_football_team,COL
2021,Bolivia,https://en.wikipedia.org/wiki/2021_Copa_América,10,//upload.wikimedia.org/wikipedia/en/thumb/e/ee/2021_Copa_Am%C3%A9rica_logo.svg/220px-2021_Copa_Am%C3%A9rica_logo.svg.png,/wiki/Bolivia_national_football_team,BOL
